{"cameraMode":{"drawMode":0,"name":"Shaded","section":"Shading Mode"},"sceneLighting":false,"audioPlay":false,"sceneViewState":{"m_AlwaysRefresh":false,"showFog":false,"showSkybox":false,"showFlares":false,"showImageEffects":false,"showParticleSystems":false,"showVisualEffectGraphs":true,"m_FxEnabled":true},"in2DMode":false,"pivot":{"x":-0.012181073427200318,"y":0.845704197883606,"z":-0.7076421976089478},"rotation":{"x":0.009795907884836197,"y":0.9883882403373718,"z":-0.07277754694223404,"w":0.13303746283054353},"size":0.6339669227600098,"orthographic":false}